source_file,image_id,population,object_id,centroid_nucleus_y_px,centroid_nucleus_x_px,area_nucleus_um2,nucleus_major_axis_px,nucleus_minor_axis_px,nucleus_aspect_ratio,area_cell_um2,cell_major_axis_px,cell_minor_axis_px,cell_aspect_ratio,area_cytoplasm_um2,mean_intensity_protein_nucleus,mean_intensity_protein_cell,mean_intensity_protein_cytoplasm
mixed_pop_1vs4.tif,mixed_pop_1vs4,population_1,4,73.5574891236793,68.16469857054071,79.88211790274596,56.56523045371962,36.246784580734584,1.5605585738985641,219.3407065844199,149.6351872496299,40.37893545135777,3.7057734577942747,139.45858868167394,0.6836544,2.2098234,3.0840156
mixed_pop_1vs4.tif,mixed_pop_1vs4,population_1,5,12.26319305277221,189.30394121576487,74.32164729671267,64.7048658766249,30.381770320201753,2.1297266484040493,197.6449418090936,114.62412813401701,47.9243498558044,2.3917722093027876,123.32329451238095,1.4188377,6.9547853,10.291062
mixed_pop_1vs4.tif,mixed_pop_1vs4,population_1,7,15.281578947368422,358.0468421052632,94.329412066636,66.33924307216559,37.72731912173875,1.7583874130600612,231.65317721206503,109.84650968012582,58.342600831979084,1.8827839025632898,137.32376514542904,0.75578946,3.384912,5.1908894
mixed_pop_1vs4.tif,mixed_pop_1vs4,population_1,8,26.34112,472.18112,155.14705932012498,66.90909744721206,60.53337395072805,1.1053257580136475,247.83811844034048,82.8438214835721,79.06289351002846,1.0478217758759873,92.69105912021547,1.71072,3.1013622,5.4290304
mixed_pop_1vs4.tif,mixed_pop_1vs4,population_1,11,21.707748074309016,724.1667421839601,109.57105917424508,59.59772108898859,47.66447722983507,1.250359272831467,276.4844714732084,101.86771617358495,74.64478001131151,1.3646997976033708,166.91341229896327,3.555052,12.837673,18.931292
mixed_pop_1vs4.tif,mixed_pop_1vs4,population_1,12,81.54931389365352,790.1582332761578,115.77694154705009,71.93554573723821,41.5779745585763,1.7301358832641849,326.28047163259566,184.74189003589098,48.0287650767489,3.8464842837553195,210.50353008554558,3.6367924,5.585362,6.6570754
mixed_pop_1vs4.tif,mixed_pop_1vs4,population_1,13,37.18282662284306,820.0221857025473,120.84094156325897,66.877932442462,46.39166396031027,1.4415937419204983,286.6124715056261,129.4185913654979,68.35663936840028,1.8932848741731028,165.77152994236715,15.595316,16.468388,17.104822
mixed_pop_1vs4.tif,mixed_pop_1vs4,population_1,15,13.804110468850354,914.8734746307001,77.30047083565907,59.63689783779682,34.589156524189335,1.724150104559236,139.26000044574417,85.26246962717902,44.64982602629666,1.909581228311246,61.95952961008512,51.782917,52.12264,52.546474
mixed_pop_1vs4.tif,mixed_pop_1vs4,population_1,16,72.94425427872861,979.3760391198044,101.5282356190898,58.414843983167785,45.56613887466289,1.2819792377810935,286.1656479747841,111.9534757357022,67.89412306075064,1.6489420687491303,184.63741235569435,2.4449878,5.069743,6.513041
mixed_pop_1vs4.tif,mixed_pop_1vs4,population_1,18,93.55071043606075,881.8069573738363,101.32964738316002,54.392707943444215,47.81761699360307,1.1375035261736433,484.7538839045441,128.108277081359,100.89696000265508,1.269694122379781,383.42423652138405,5.88731,9.325071,10.233588
mixed_pop_1vs4.tif,mixed_pop_1vs4,population_1,21,78.51021711366539,16.318646232439335,77.74729436650102,55.897012110540295,36.23779095953494,1.5425060587428714,132.3094121882026,82.66221978755945,42.60609929797984,1.9401499116226035,54.562117821701555,1.7464879,3.1778612,5.2174706
mixed_pop_1vs4.tif,mixed_pop_1vs4,population_1,22,71.1943231441048,335.9017467248908,136.4301180837451,68.57465162180753,51.26091459275035,1.337757083864161,295.49929506348286,121.77050120978025,64.33990727406504,1.892612320547516,159.06917697973773,9.048035,9.392809,9.688515
mixed_pop_1vs4.tif,mixed_pop_1vs4,population_1,23,74.31245601688951,271.22941590429275,70.54847081404723,50.637180460279566,35.75445436835685,1.416248166972284,206.92894183880992,98.97246503834664,54.76700362539074,1.8071550109866086,136.38047102476267,10.643912,14.299184,16.190025
mixed_pop_1vs4.tif,mixed_pop_1vs4,population_1,25,101.12544378698225,744.5005917159764,125.8552945204854,61.82738188106851,52.21123448703162,1.1841777442827057,345.1960011049053,138.09307539727135,67.93694299020308,2.0326654294289517,219.3407065844199,12.690335,13.702575,14.283386
mixed_pop_1vs4.tif,mixed_pop_1vs4,population_1,26,98.77557755775578,196.15694902823617,135.38752984511387,61.430630976286146,56.61310684168104,1.0850955618471416,357.06164820170846,129.69186140277677,85.38847496771787,1.5188450367781872,221.6741183565946,1.1837183,2.6453004,3.537962
mixed_pop_1vs4.tif,mixed_pop_1vs4,population_1,27,119.91638472692122,687.015949734171,102.71976503466836,59.65106541392815,44.2409900425425,1.3483212142532794,312.72682453038954,135.78167729236583,60.68744226358175,2.2373933095191223,210.0070594957212,1.6297728,4.0419116,5.2217493
mixed_pop_1vs4.tif,mixed_pop_1vs4,population_1,28,123.87183673469387,488.92054421768705,182.45294176046698,76.81357629581265,61.02887176534971,1.2586432302264026,384.61576593696265,123.91686837745974,88.77988413022418,1.3957764147979277,202.16282417649566,0.60190475,1.3414224,2.0088408
mixed_pop_1vs4.tif,mixed_pop_1vs4,population_1,29,120.75918079096046,62.11228813559322,70.30023551913504,54.01276172284332,33.4528989861262,1.6145913615810648,202.46070653039033,108.66679405682747,50.443109541169385,2.1542445548115654,132.16047101125525,0.8919492,1.6466405,2.0480843
mixed_pop_1vs4.tif,mixed_pop_1vs4,population_1,32,144.16019818331958,429.8373245251858,180.3677652832045,77.16401746544409,60.00152861077873,1.2860341936618975,377.7644717973859,153.30960302037815,83.21303203583545,1.8423749173609707,197.39670651418143,0.8398018,3.1121042,5.1883802
mixed_pop_1vs4.tif,mixed_pop_1vs4,population_1,34,205.8084935897436,494.9102564102564,123.91905922017024,57.54822776849547,55.54311032777638,1.036100200886956,357.90564820440994,187.80843853107348,60.66697237525023,3.095727892425567,233.98658898423972,1.3349359,2.0602026,2.444303
mixed_pop_1vs4.tif,mixed_pop_1vs4,population_1,35,145.36174785100286,347.2041547277937,69.30729433948623,43.90686789085061,40.688831750736185,1.0790889293609716,174.6583535002239,77.24100567008517,59.88249988046621,1.2898761044423488,105.35105916073768,3.3259313,3.4960206,3.607917
mixed_pop_1vs4.tif,mixed_pop_1vs4,population_1,37,211.15300859598855,78.67392550143266,86.6341179243578,58.975650139041356,37.88764577224795,1.556593156871204,289.7898832805023,153.35606118094913,52.46258398607097,2.923151120838154,203.15576535614446,0.5409742,1.127634,1.3778104
mixed_pop_1vs4.tif,mixed_pop_1vs4,population_1,39,207.7142025611176,873.9959254947613,85.29364733183192,56.84921286649712,38.50326338839427,1.4764777804167302,288.05223621611685,146.08862523338286,52.33700045340888,2.791306799544864,202.75858888428493,0.733993,1.7574974,2.188051
mixed_pop_1vs4.tif,mixed_pop_1vs4,population_1,40,164.49423815620997,173.0550576184379,38.77435306528564,34.67030488358104,28.70977659869707,1.207613189339637,136.82729455560462,62.81573236462419,57.69130702255693,1.088824913258832,98.05294149031899,17.016645,13.055152,11.488607
mixed_pop_1vs4.tif,mixed_pop_1vs4,population_1,41,169.10232004759072,287.7043426531826,83.45670614948163,53.68086819751595,39.99840781229631,1.342075125825718,320.6207069085975,127.59405737754138,68.88794907679093,1.8521970691174074,237.16400075911588,1.4330755,3.6421492,4.4195104
mixed_pop_1vs4.tif,mixed_pop_1vs4,population_1,42,207.96916666666667,558.4,119.152941557856,68.2703411111991,44.8854688451553,1.5209898184803707,348.3734128797814,118.90163937754528,80.99750750088288,1.4679666454705318,229.22047132192543,5.5129166,14.334616,18.920294
mixed_pop_1vs4.tif,mixed_pop_1vs4,population_1,44,226.47941176470587,685.1079831932773,118.16000037820719,61.289444744402076,49.74376893409453,1.2321029559622714,233.78800074830994,98.06376776828661,64.10896537817325,1.529642027286151,115.62800037010275,1.1924369,4.0976853,7.066552
mixed_pop_1vs4.tif,mixed_pop_1vs4,population_1,45,214.31518987341772,175.55949367088607,39.2211765961276,33.43423042669389,30.365032574458045,1.1010767185811465,170.38870642773406,84.28575853910782,56.98029379825479,1.4792089145333496,131.16752983160646,4.31519,4.25,4.2305074
mixed_pop_1vs4.tif,mixed_pop_1vs4,population_1,48,214.5713738997321,771.8052047455033,129.7277651211157,67.04968742384763,49.64401210887954,1.350609762901392,373.2465894299839,130.45962275238182,73.96423327515446,1.7638203896072144,243.51882430886818,1.9923459,5.517026,7.394699
mixed_pop_1vs4.tif,mixed_pop_1vs4,population_1,49,249.26553051126993,747.8598130841121,90.30800028905836,66.9214007453611,35.96583830558096,1.8606934774262343,299.4214127230956,159.9155342817607,55.50546588277294,2.8810772369607873,209.1134124340373,1.0747664,1.5169955,1.7079772
mixed_pop_1vs4.tif,mixed_pop_1vs4,population_1,50,218.42170240415854,18.505523066926575,76.40682377397516,53.110712481981686,37.062978356026825,1.4329855515603844,214.92211833498274,99.41895860800405,61.960048739136965,1.6045655326479145,138.5152945610076,0.5477583,0.946408,1.1663083
mixed_pop_1vs4.tif,mixed_pop_1vs4,population_1,51,214.04571728849186,308.3557540725171,94.47835324358331,53.006934014515124,45.765682002750786,1.1582244969348232,212.83694185772026,83.14125147897623,67.52034378746572,1.2313511279012523,118.35858861413696,15.143457,14.879169,14.668204
mixed_pop_1vs4.tif,mixed_pop_1vs4,population_1,53,226.3545205479452,423.0147945205479,90.60588264295299,56.83841379566673,40.907546752795824,1.3894358940452012,228.57505955515376,107.60968432101572,55.26157466676678,1.947278646508241,137.96917691220077,2.4263015,4.857298,6.45376
mixed_pop_1vs4.tif,mixed_pop_1vs4,population_1,55,272.5972850678733,587.7642945290004,120.69200038631163,66.33797775079587,46.68577790627938,1.4209461794546474,313.570824533091,168.6049066843399,56.06581394994064,3.0072676164994556,192.8788241467794,1.9596874,2.2029765,2.3552125
mixed_pop_1vs4.tif,mixed_pop_1vs4,population_1,56,258.25512715340443,981.7415914684167,60.51976489959435,40.756670410531484,38.64204028638743,1.054723562950401,147.1042357649697,71.44156163131018,55.05760220261471,1.297578513651969,86.58447086537537,0.5324036,1.0928113,1.4845183
mixed_pop_1vs4.tif,mixed_pop_1vs4,population_1,58,253.96653796653797,263.82368082368083,38.575764829355876,34.6161812842074,28.61307184222215,1.2098030395019284,152.66470637100298,104.34526040074097,41.36694066971091,2.5224311663236705,114.08894154164712,3.3861003,7.6891055,9.144038
mixed_pop_1vs4.tif,mixed_pop_1vs4,population_1,60,276.96331236897277,155.62997903563942,94.7265885384955,58.8605507028832,41.31069464235298,1.4248259733337327,208.26941243133578,84.12292526871576,67.21012585159514,1.251640644959739,113.54282389284027,0.9837526,2.1046484,3.0397902
mixed_pop_1vs4.tif,mixed_pop_1vs4,population_1,63,287.3666666666667,249.88571428571427,62.55529431787439,46.07038604385237,34.86332603983056,1.321456994413499,135.4371769040963,97.69259521269552,38.04481643388781,2.5678293226216597,72.88188258622192,12.830953,12.337243,11.913487
mixed_pop_1vs4.tif,mixed_pop_1vs4,population_1,64,282.17087967644085,310.4297269969666,49.10094133363316,37.65559880682841,33.46152222745986,1.1253402804229486,138.21741220711294,63.99665956991528,56.441895793109396,1.1338502839184965,89.1164708734798,5.461072,14.843032,20.012257
mixed_pop_1vs4.tif,mixed_pop_1vs4,population_1,65,299.68213783403655,831.8417721518987,70.59811787302968,46.04144227025899,39.46523256502885,1.1666329900474852,184.935294709589,94.51979777034774,51.81724007870535,1.8240994237975883,114.33717683655932,2.7869198,3.1240268,3.3321755
mixed_pop_1vs4.tif,mixed_pop_1vs4,population_1,66,285.35632183908046,101.32902298850574,69.10870610355647,52.130582051616116,34.026288339569746,1.5320678391769396,162.49482404952613,98.99515468514166,44.127589087656574,2.243384620186121,93.38611794596963,0.47988507,1.2493125,1.8187134
mixed_pop_1vs4.tif,mixed_pop_1vs4,population_1,67,316.79238548483045,225.1743010113028,83.45670614948163,49.80907977730633,42.99288137123048,1.1585424886324796,174.31082408734682,89.6523113536321,53.81606235371328,1.665902472841292,90.8541179378652,0.8875669,1.1284534,1.3497268
mixed_pop_1vs4.tif,mixed_pop_1vs4,population_1,69,328.46716232961586,937.1610904584883,80.13035319765815,48.313683117298645,42.65004047601175,1.1327933708403481,199.58117710940877,111.73475047778962,49.58978651618468,2.2531807117443954,119.45082391175062,0.8550186,1.611194,2.118454
mixed_pop_1vs4.tif,mixed_pop_1vs4,population_1,70,326.11770888071464,534.6526537046768,94.47835324358331,62.72237510122284,38.71585092056516,1.620069651314466,202.8082359432674,111.91992671431314,48.81088950504389,2.2929294640850144,108.32988269968408,1.1597477,2.7556915,4.147571
mixed_pop_1vs4.tif,mixed_pop_1vs4,population_1,71,284.75150472914873,695.8671539122957,115.47905919315542,58.314709053196225,50.836329754062284,1.1471069869778778,255.63270670058353,119.66961931374385,58.4096158869653,2.0487999706303386,140.15364750742813,0.4312124,1.2660711,1.9539497
mixed_pop_1vs4.tif,mixed_pop_1vs4,population_1,73,345.32903918411165,31.795491143317232,92.49247088428571,54.15479508397044,43.97659595259014,1.2314458159142903,306.47129509860207,150.4516862766341,59.84449933204285,2.51404369584352,213.97882421431638,0.9318304,2.0618825,2.550348
mixed_pop_1vs4.tif,mixed_pop_1vs4,population_1,74,386.68601380721043,637.0039631807722,388.3392953606456,114.94917075287741,86.87001305181477,1.323231880767814,769.4797671688375,169.78069845457117,119.47158074234517,1.4210969453959403,381.1404718081919,1.6440808,2.0954256,2.555295
mixed_pop_1vs4.tif,mixed_pop_1vs4,population_1,75,319.3475575519371,982.2352610892757,88.42141204772562,59.06974572592161,38.92743154027157,1.5174323963504301,155.84211814587917,87.00305474074347,47.26839025888922,1.840618101531008,67.42070609815352,1.1516002,1.8018477,2.6546392
mixed_pop_1vs4.tif,mixed_pop_1vs4,population_1,77,357.41793776693106,791.3746186699207,81.37152967221915,48.51190711760515,43.06338629195431,1.1265232787015824,264.02305966861593,93.47890719348254,73.26711770508066,1.2758644003133797,182.65152999639676,30.822453,31.179955,31.339222
mixed_pop_1vs4.tif,mixed_pop_1vs4,population_1,79,365.0054832076765,197.2213845099383,72.43505905537995,52.914541216113435,35.12611246391024,1.5064160963009963,127.44400040792348,79.97157982844726,42.69350826615719,1.8731555001264704,55.008941352543516,0.92254966,1.638099,2.580325
mixed_pop_1vs4.tif,mixed_pop_1vs4,population_1,81,384.885960466295,120.97820577800304,97.95364737235411,60.93640858197579,41.28496349925147,1.4759952151363926,284.5272950283636,132.10457663946926,59.343348983982224,2.2261058551839823,186.5736476560095,1.2199696,3.2217762,4.2727513
mixed_pop_1vs4.tif,mixed_pop_1vs4,population_1,82,358.5084210526316,414.22105263157897,47.164706033318,39.87618239161614,30.40892803870865,1.311331407041257,158.87058874380799,81.12088571496652,52.14646697530755,1.5556353176022255,111.70588271048999,8.252631,8.486875,8.585778
mixed_pop_1vs4.tif,mixed_pop_1vs4,population_1,83,352.3721560130011,859.3418201516793,91.64847088158425,58.19398880083909,40.45425161806193,1.4385135424148288,191.2901182593413,96.77568775415823,55.10176329925604,1.756308364009557,99.64164737775707,2.8900325,3.9919543,5.005481
mixed_pop_1vs4.tif,mixed_pop_1vs4,population_1,86,378.7131203263086,235.06594153636982,73.03082376316924,48.06691405844791,39.10522614480649,1.2291685484813801,180.56635351913428,76.07003535705724,65.32321911041505,1.1645175542937798,107.53552975596503,10.111488,11.971405,13.234533
mixed_pop_1vs4.tif,mixed_pop_1vs4,population_1,88,373.7295514511873,493.707783641161,75.26494141737903,49.53744305882662,39.02074661729377,1.269515510420088,143.7282357541638,80.1666625309189,46.53270488737134,1.7228025476910453,68.46329433678476,3.841029,4.087392,4.3582306
mixed_pop_1vs4.tif,mixed_pop_1vs4,population_1,89,376.61860718171926,722.6980413492927,91.25129440972471,56.57297604361574,41.64928790704143,1.3583179662010796,174.90658879513612,82.08242841571412,56.40820671470509,1.455150468279574,83.6552943854114,0.21055496,0.706784,1.2480712
mixed_pop_1vs4.tif,mixed_pop_1vs4,population_1,90,439.0195578231293,581.0263605442177,116.76988272669888,65.20205039700909,45.984860102290305,1.417902549925593,275.0943538217,123.04404052097286,62.08330943737368,1.9819181940533164,158.32447109500114,2.4583333,7.4147267,11.070242
mixed_pop_1vs4.tif,mixed_pop_1vs4,population_1,92,420.1477362986497,412.83121525019857,125.0112945177839,64.32736280645055,49.8635499148889,1.2900678534971868,328.11741281494596,116.42106025192777,74.8913064852966,1.5545337064560987,203.10611829716203,1.886815,9.555304,14.275238
mixed_pop_1vs4.tif,mixed_pop_1vs4,population_1,95,410.59124356144224,903.0298013245033,134.94070631427192,70.37086948221034,49.3118734371697,1.4270573104847208,393.55223655380183,160.74202607697868,66.39758645341074,2.4209016421066254,258.61153023952994,2.0331125,3.020941,3.5363793
mixed_pop_1vs4.tif,mixed_pop_1vs4,population_1,99,413.0359493670886,475.1432911392405,98.05294149031899,58.777619192870056,43.240109815115794,1.3593309416694102,167.7077652426823,79.52763810832762,57.7488834383927,1.3771285845408388,69.65482375236331,4.769114,11.07756,19.957947
mixed_pop_1vs4.tif,mixed_pop_1vs4,population_1,100,431.70194384449246,317.5212383009359,137.9195298532183,72.28690266133313,49.293877815916446,1.4664478808358732,454.0720014533962,162.05045684650486,84.78253285472366,1.9113660725869224,316.1524716001779,2.3034558,5.8621254,7.4145727
mixed_pop_1vs4.tif,mixed_pop_1vs4,population_1,101,443.1796740994854,202.56346483704974,115.77694154705009,59.60619665992789,49.88799400511284,1.194800429414321,270.92400086717504,97.98097844223977,73.47188775084398,1.3335846055093945,155.14705932012498,1.8657805,9.314642,14.87328
mixed_pop_1vs4.tif,mixed_pop_1vs4,population_1,105,452.0168539325843,89.26029962546816,79.53458848986887,57.65496936027585,36.29177623681028,1.588651075771738,230.80917720936355,97.91066599633216,62.70578413128595,1.56142957707599,151.2745887194947,4.9731584,6.1950955,6.837545
mixed_pop_1vs4.tif,mixed_pop_1vs4,population_1,106,492.5964343598055,712.7544570502431,61.26447078433095,61.02930630816067,26.711177023749038,2.284785363591399,175.5023535029254,131.7561622842723,40.82005430896512,3.227731185436843,114.23788271859443,3.1361427,6.18529,7.820513
mixed_pop_1vs4.tif,mixed_pop_1vs4,population_1,107,490.9938417811464,674.9692089057319,104.80494151193083,57.26493881965572,46.975874620482756,1.2190286882851704,324.64211868617514,111.55613210287454,87.14296267055448,1.2801507853779825,219.8371771742443,1.1084794,1.6201254,1.8640469
mixed_pop_1vs4.tif,mixed_pop_1vs4,population_1,108,481.42490204614717,410.9420983892033,114.03929448266467,59.28726644550168,49.35761720034633,1.2011776460936139,313.67011865105593,133.40546765193608,68.31853358441666,1.9526980550174695,199.63082416839123,2.7331302,4.72428,5.861726
mixed_pop_1vs4.tif,mixed_pop_1vs4,population_1,109,476.7040038131554,793.8117254528122,104.1595297451591,65.60719453965001,41.07107087640347,1.5974064746712817,202.56000064835519,91.00630319048227,62.140724863497354,1.4645194981293357,98.40047090319608,1.2149667,3.3215687,5.551463
mixed_pop_1vs4.tif,mixed_pop_1vs4,population_1,110,470.85239253852393,484.05839416058393,122.42964745069705,58.511753408636494,53.77418856842988,1.0881010939696072,214.02847127329883,85.7038336906704,68.43838674058829,1.2522772346391766,91.5988238226018,9.567721,9.750638,9.995122
mixed_pop_1vs4.tif,mixed_pop_1vs4,population_1,113,521.3496386881601,973.7670928293496,89.31505910940956,53.861873393848896,42.67538704337991,1.2621296987675314,260.20023612696804,129.25668196724752,55.197479940270966,2.3417134642218413,170.88517701755848,2.3140633,5.282007,6.8332367
mixed_pop_1vs4.tif,mixed_pop_1vs4,population_1,114,560.8517975055025,917.402054292003,67.66894139306571,47.19770493514846,36.797089603628116,1.2826477703414583,334.77011871859287,129.74015813504585,73.37766463381445,1.768115117624744,267.1011773255272,2.9009538,4.6313214,5.0697026
mixed_pop_1vs4.tif,mixed_pop_1vs4,population_1,116,526.9383043149129,149.19492808478427,131.16752983160646,64.61009649056057,52.194772580315316,1.2378652745567773,294.6552950607814,104.91253099240905,83.36008343833909,1.2585463769360568,163.48776522917493,0.4689629,1.210615,1.8056483
mixed_pop_1vs4.tif,mixed_pop_1vs4,population_1,118,514.9896083133493,53.39488409272582,62.10847078703244,43.18552771843428,37.071866488445885,1.1649137690947886,178.18329468797717,86.67616822683635,53.67675105031941,1.6147804502098413,116.07482390094471,2.518785,4.932572,6.224123
mixed_pop_1vs4.tif,mixed_pop_1vs4,population_1,119,550.6410004904365,567.9833251593918,101.23035326519516,56.55096189995867,45.93584296356592,1.2310857546428864,322.6065892678951,139.7978627820393,64.00955830429812,2.184015426531261,221.37623600269993,3.2452183,5.9390583,7.1708903
mixed_pop_1vs4.tif,mixed_pop_1vs4,population_1,120,534.0457809694793,623.6315080789947,110.61364741287632,60.15009219182786,47.24622245848068,1.273119607492153,284.0308244385392,111.65975257832183,68.57933088432095,1.628183756512127,173.4171770256629,1.1853681,1.7014508,2.0306327
mixed_pop_1vs4.tif,mixed_pop_1vs4,population_1,121,562.8488160291439,211.5669398907104,109.02494152543824,54.03371603661016,51.816267668403704,1.042794444061408,231.90141250697724,91.83844220089077,66.0190066946887,1.3910909418193242,122.876470981539,1.0528233,1.480197,1.859394
mixed_pop_1vs4.tif,mixed_pop_1vs4,population_1,122,702.0211366838892,392.11319868482855,105.69858857361476,62.69868210704659,43.295220851575245,1.4481663535564426,453.4762367456069,326.0151134395179,47.98616971305052,6.793939074300682,347.7776481719922,1.6712072,5.9546747,7.2565312
mixed_pop_1vs4.tif,mixed_pop_1vs4,population_1,125,599.9307992202729,393.8703703703704,101.87576503196686,65.5939599450861,40.45852203835279,1.6212643626207128,282.59105972804844,149.07155778672703,53.77834957367678,2.7719623039472006,180.7152946960816,2.1218324,4.6134925,6.0181317
mixed_pop_1vs4.tif,mixed_pop_1vs4,population_1,127,585.6857434849259,513.2309657639244,97.15929442863508,52.19715361542926,47.741741696601174,1.0933231960229317,239.1995301773959,112.88456924756731,59.571435774205995,1.8949445783954988,142.04023574876084,8.585079,11.186384,12.965746
mixed_pop_1vs4.tif,mixed_pop_1vs4,population_1,128,625.2783505154639,989.9780927835052,38.52611777037344,46.65546589449573,22.60689508954736,2.063771504653356,162.49482404952613,121.40113852522829,35.98917143694278,3.3732685048872884,123.96870627915268,0.9020619,9.631836,12.344813
mixed_pop_1vs4.tif,mixed_pop_1vs4,population_1,129,570.0658337337818,695.8971648246036,103.31552974245764,54.39240489623892,48.87286478007683,1.1129367009893831,284.92447150022315,94.33364186164506,82.16336814301592,1.148122867814343,181.6089417577655,0.7083133,2.250218,3.127392
mixed_pop_1vs4.tif,mixed_pop_1vs4,population_1,131,647.9973349126443,335.1628664495114,167.65811818369986,77.25596265487697,56.635185049119464,1.3640983531328306,542.2451782062096,209.58438174017806,70.93180958823444,2.954730507466739,374.5870600225098,1.0568552,1.0985167,1.1171637
mixed_pop_1vs4.tif,mixed_pop_1vs4,population_1,132,610.0488683127572,236.7258230452675,96.51388266186335,55.0165285047584,45.047280560330414,1.2213063212789612,333.47929518504947,114.53529232735482,80.99301173239122,1.414137959282099,236.9654125231861,2.4115226,4.955337,5.99141
mixed_pop_1vs4.tif,mixed_pop_1vs4,population_1,133,599.6599206349206,857.7059523809523,125.11058863574878,66.74137480402402,48.83798370564976,1.3665874333854435,232.59647133273137,101.54091410987807,62.96321347285649,1.612702219426149,107.48588269698259,2.5309525,3.9150481,5.526097
mixed_pop_1vs4.tif,mixed_pop_1vs4,population_1,134,623.2740740740741,793.3592592592593,107.2376474020704,58.15263473162978,47.3386192605498,1.2284396047032993,291.62682446285254,114.93923855731461,69.70205940671832,1.6490077844993494,184.38917706078215,39.809258,38.76711,38.16101
mixed_pop_1vs4.tif,mixed_pop_1vs4,population_1,135,590.063733784546,141.0349689791314,88.02423557586611,55.929654726423735,40.399822066033245,1.3844034915551628,283.7329420846446,116.83412504598331,64.76275072891869,1.8040327770360294,195.70870650877848,0.87591654,2.1940508,2.7869103
mixed_pop_1vs4.tif,mixed_pop_1vs4,population_1,137,618.5873340143003,472.9376915219612,97.20894148761752,53.46193332314799,46.69378595198617,1.1449474963996558,240.49035371093936,97.45546547946911,66.4230887804178,1.4671926173388066,143.2814122233218,6.951992,11.305945,14.259875
mixed_pop_1vs4.tif,mixed_pop_1vs4,population_1,138,624.9918300653595,645.7864923747277,91.15200029175983,51.69107933962268,45.30688297983666,1.140910076789596,198.3400006348478,92.2054788883204,62.96263864491843,1.4644475020864154,107.18800034308795,0.47058824,1.0933667,1.6229736
mixed_pop_1vs4.tif,mixed_pop_1vs4,population_1,140,633.7176414189837,719.8724832214765,103.56376503736983,57.936395230257645,46.08788724737954,1.2570850757224021,233.53976545339776,109.74519402170569,66.17377250983037,1.6584394369446387,129.97600041602792,2.3537872,4.6407313,6.462949
mixed_pop_1vs4.tif,mixed_pop_1vs4,population_1,141,699.2735402419779,643.0662809047869,94.37905912561844,57.99818156565932,42.08227900733507,1.3782091401359244,298.229883307517,162.22469257313162,50.28671459394244,3.225995054222001,203.85082418189862,0.6564966,1.1326785,1.3531418
mixed_pop_1vs4.tif,mixed_pop_1vs4,population_1,142,692.6194351364289,778.4834849210148,103.71270621431715,61.486059502876984,43.452176335799564,1.4150283067000164,217.65270657901695,113.63940587374614,53.45136967058776,2.126033562359349,113.9400003646998,1.6366682,3.65625,5.4945536
mixed_pop_1vs4.tif,mixed_pop_1vs4,population_1,143,672.4727626459144,250.35291828793774,127.59294158487079,71.68502798577474,45.83175892425146,1.5640907019137609,330.00400105627864,138.91511446084343,66.8186966695777,2.0789856938962257,202.41105947140787,2.054864,4.9300437,6.742458
mixed_pop_1vs4.tif,mixed_pop_1vs4,population_1,144,641.6632653061224,160.5639097744361,92.44282382530326,63.373687704228935,37.471267613076876,1.6912608444052886,190.1482359027452,104.96988579727831,50.55649402891102,2.0762888687900447,97.70541207744192,1.1294308,2.9091384,4.592988
mixed_pop_1vs4.tif,mixed_pop_1vs4,population_1,145,649.3399826539462,543.1626192541197,114.48611801350663,61.45027191305948,47.900437518351175,1.2828749609962793,335.91200107518904,194.7387092189043,77.74033828926345,2.5049892180080624,221.42588306168238,1.4908934,1.7548034,1.8912556
mixed_pop_1vs4.tif,mixed_pop_1vs4,population_1,146,692.5424113475177,137.28425531914894,175.00588291310098,76.03859829091344,59.13088536642222,1.2859370838051472,367.6861188239506,142.65029089691828,81.60529592701975,1.7480518791879822,192.68023591084963,3.8161702,9.723197,15.088379
mixed_pop_1vs4.tif,mixed_pop_1vs4,population_1,147,669.5997038499506,836.7847976307996,100.58494149842343,61.5883709854201,41.972845959918025,1.4673384560159186,214.8724712760003,91.70310084099516,61.865169044176895,1.4823058315012685,114.28752977757688,7.030602,9.730129,12.105995
mixed_pop_1vs4.tif,mixed_pop_1vs4,population_1,148,676.8591144335825,689.5399654974123,86.33623557046316,56.68349863883481,39.450562410406704,1.4368235881950877,145.61482399549652,73.15741596691726,52.792680325393455,1.3857492272793033,59.278588425033355,0.39275447,0.71428573,1.1825795
mixed_pop_1vs4.tif,mixed_pop_1vs4,population_1,152,699.4068047337278,982.0539940828403,67.12282374425887,45.73037957066149,39.65012700662631,1.1533476188618272,157.97694168212405,109.70810238954074,42.126999568700015,2.60422302828927,90.8541179378652,5.714497,5.3130107,5.0163937
mixed_pop_1vs4.tif,mixed_pop_1vs4,population_1,154,696.0498547918684,548.4975798644724,102.57082385772102,56.91226277904852,46.25697385073373,1.2303498919470663,383.3745894624017,139.84550803190098,73.64300495783715,1.8989652596599875,280.8037656046806,0.6519845,1.0389795,1.1803395
mixed_pop_1vs4.tif,mixed_pop_1vs4,population_1,156,745.9385128693995,972.97807435653,104.1595297451591,59.98192343341056,44.556191021177135,1.3462085079243358,266.6047067357028,122.49983781555352,58.8205436483215,2.082602951580322,162.44517699054367,1.0405148,1.7344507,2.179401
mixed_pop_1vs4.tif,mixed_pop_1vs4,population_1,158,717.8872135102533,859.7189384800965,82.3148237928855,52.174401233812446,40.6255382460483,1.2842759379043431,176.94211821341614,91.58773199971102,50.54280925287005,1.8120823387851213,94.62729442053063,0.38841978,0.900954,1.3467996
mixed_pop_1vs4.tif,mixed_pop_1vs4,population_1,159,731.7052117263844,711.0012214983714,121.93317686087265,62.880138430267465,49.800259469938354,1.2626468034413496,396.4814130337658,135.76237935286687,77.02214195575945,1.7626409225394832,274.54823617289316,0.86970687,2.0272977,2.5414104
mixed_pop_1vs4.tif,mixed_pop_1vs4,population_1,160,771.5779616724739,317.5792682926829,113.98964742368223,71.56900588219368,40.951660507216936,1.7476460049667835,303.64141273660306,106.34848507311983,77.01520702379248,1.380876442236471,189.6517653129208,1.7295296,4.577338,6.2890053
mixed_pop_1vs4.tif,mixed_pop_1vs4,population_1,161,749.4345386533665,778.1795511221945,79.63388260783375,55.11396464139049,37.10255635257097,1.4854492536218853,175.9988240927498,84.84249372216388,58.155061786399536,1.4589012738699492,96.36494148491603,1.9887781,2.045416,2.0922205
mixed_pop_1vs4.tif,mixed_pop_1vs4,population_1,162,739.9902964959568,633.500808625337,92.0952944124262,58.7832626607772,40.42798451263662,1.4540240719248136,142.43741222062036,82.57119604876284,44.72220560716025,1.8463131441697676,50.34211780819416,1.2280324,1.2408504,1.2642998
mixed_pop_1vs4.tif,mixed_pop_1vs4,population_1,163,773.3248157248157,900.6103194103194,101.0317650292654,59.08704889739872,44.13009029659184,1.3389288011940008,242.0790595983774,106.1381229629127,61.957800179849755,1.7130711977316377,141.04729456911204,0.6127764,1.5289172,2.185146
mixed_pop_1vs4.tif,mixed_pop_1vs4,population_1,165,784.3683333333333,497.43041666666664,119.152941557856,62.362105915669105,49.01985548605767,1.2721805337309953,278.37105971454105,103.17677616148234,71.7775495614552,1.4374519162589054,159.21811815668508,20.025,31.363297,39.848457
mixed_pop_1vs4.tif,mixed_pop_1vs4,population_1,166,766.20261143629,449.1382260243134,110.26611799999922,62.04366250834046,45.96060196339995,1.3499314599436276,213.92917715533395,89.86628292312199,64.71780799706931,1.388586630239261,103.66305915533471,0.31337234,0.8001857,1.3180077
mixed_pop_1vs4.tif,mixed_pop_1vs4,population_1,167,787.2423728813559,206.36513317191285,205.0423535974772,76.74748940379557,68.71375280740963,1.1169159923327552,477.4557662341254,144.5105831872335,88.73273536288373,1.6286050756379729,272.4134126366483,0.44866827,0.9625663,1.3493712
mixed_pop_1vs4.tif,mixed_pop_1vs4,population_1,168,773.4929311969839,854.6786050895382,105.35105916073768,56.00683367679306,49.33378506466438,1.135263260327217,300.46400096172687,93.21086699436975,85.56357893346599,1.0893755048143823,195.11294180098918,0.67106503,1.6006279,2.1025445
mixed_pop_1vs4.tif,mixed_pop_1vs4,population_1,170,867.387770603874,613.9506266616028,130.7207063007645,65.99286598057185,50.92286944767622,1.2959376935421953,546.11764880684,193.60714486217887,77.7706034394748,2.4894643515638166,415.39694250607545,0.62894034,1.6804545,2.0113542
mixed_pop_1vs4.tif,mixed_pop_1vs4,population_1,171,838.9051025274201,160.75822603719598,104.10988268617666,64.9189335212188,41.24526433608269,1.573973026145104,330.3515304691557,147.8529431954314,61.285161400857625,2.4125406512083094,226.24164778297907,0.40391034,0.59212506,0.67873603
mixed_pop_1vs4.tif,mixed_pop_1vs4,population_1,173,824.8443779392903,386.9303120991877,116.12447095992715,61.561805929638616,48.48391016554947,1.2697368203066617,392.4600012561882,157.5709376746831,70.12085617198558,2.2471336814286538,276.335530296261,0.3740915,0.8585705,1.0621631
mixed_pop_1vs4.tif,mixed_pop_1vs4,population_1,175,815.91040623261,107.54646633277684,89.21576499144467,58.98759902946579,39.01884757310908,1.5117719435188735,295.5985891814478,201.82752445830837,41.43080336750993,4.871436420578358,206.38282419000308,0.66444075,1.6276453,2.044022
mixed_pop_1vs4.tif,mixed_pop_1vs4,population_1,177,807.9553226696083,765.7198014340871,90.01011793516372,55.67351813841206,41.6689173655408,1.3360922639293895,253.44823610535622,148.9125867239613,47.99500002941494,3.102668749509251,163.43811817019247,1.3138444,4.6248775,6.4483595
mixed_pop_1vs4.tif,mixed_pop_1vs4,population_1,178,834.2805927342256,562.2002868068834,103.86164739126447,64.60433296904048,41.30560478688392,1.5640573065656889,239.00094194146612,105.59593326563065,59.90356677684556,1.7627653735377657,135.13929455020167,0.82361376,1.4584545,1.946363
mixed_pop_1vs4.tif,mixed_pop_1vs4,population_1,179,837.1712989222915,71.88315371525809,87.52776498604172,56.839499825041585,39.55604730776479,1.4369357833658996,225.9437654290844,132.11847131621664,53.07052080446188,2.4894888784492357,138.41600044304272,24.59898,17.574379,13.132353
mixed_pop_1vs4.tif,mixed_pop_1vs4,population_1,180,883.6303270564915,307.095639246779,100.18776502656391,67.20024520313015,38.581003979991415,1.741796176117683,233.49011839441528,146.2581920801754,45.46753151696917,3.2167612184002037,133.3023533678514,0.15956393,0.59323835,0.91918063
mixed_pop_1vs4.tif,mixed_pop_1vs4,population_1,181,890.7610981308411,355.4357476635514,84.99576497793727,54.93173025635384,39.710901250563545,1.3832909484917393,253.5971772823035,128.7435694242667,56.137795047753464,2.293349236726368,168.60141230436625,0.71495324,1.0387627,1.2020024
mixed_pop_1vs4.tif,mixed_pop_1vs4,population_1,184,873.5713310580205,250.1249146757679,72.73294140927459,47.165172890036516,39.76658910593278,1.1860502484735342,222.5677654182785,90.11129998410519,72.72330892472633,1.2390979084488116,149.8348240090039,0.75017065,0.783404,0.7995361
mixed_pop_1vs4.tif,mixed_pop_1vs4,population_1,189,907.9965909090909,182.50227272727273,87.37882380909438,47.96610907243278,47.09581455097764,1.0184792328098096,226.1920007239966,112.13692424883197,54.12305613906607,2.071888253329646,138.81317691490221,0.71875,1.6088674,2.1691701
mixed_pop_1vs4.tif,mixed_pop_1vs4,population_1,190,900.6440756108806,684.9054863992624,107.68447093291235,62.94834021515351,43.90335344327276,1.4337934412342475,251.66094198198832,104.7168702859044,64.91055458270115,1.6132487383463483,143.976471049076,3.8377132,6.845137,9.094482
mixed_pop_1vs4.tif,mixed_pop_1vs4,population_1,192,917.1713925645872,819.6345305608065,78.78988260513228,53.81910240597454,37.555451413527514,1.4330569965293731,248.33458903016486,148.2745459113112,44.44210768272999,3.336352698882687,169.5447064250326,4.4870825,6.915234,8.043631
mixed_pop_1vs4.tif,mixed_pop_1vs4,population_1,193,919.1570073761854,769.7434141201264,94.23011794867111,54.04960440201142,44.76252344440163,1.2074744729068956,277.52705971183957,116.99941147574904,68.25128764413058,1.7142447492829194,183.2969417631685,3.8171759,7.321467,9.122969
mixed_pop_1vs4.tif,mixed_pop_1vs4,population_1,194,941.7515405472024,389.5289622874045,201.41811829175907,80.31761272501797,64.5994014128358,1.2433182191849068,419.7658836965302,120.2539879451396,94.52470769348017,1.2721963482298513,218.34776540477108,0.6756224,1.4555885,2.1750796
mixed_pop_1vs4.tif,mixed_pop_1vs4,population_1,195,938.9931107578167,574.2294647588765,93.68400029986428,62.367752057664624,38.69791191764991,1.6116567785462095,263.82447143268615,116.86756222712853,64.89301867815662,1.8009265805116084,170.14047113282186,4.6603074,7.780391,9.498395
mixed_pop_1vs4.tif,mixed_pop_1vs4,population_1,196,921.3138351983723,292.21108850457784,97.60611795947703,68.73624305205236,36.53126694301965,1.8815729320109549,226.44023601890882,138.55469879881363,42.98560377382756,3.2232814392425673,128.8341180594318,3.1373346,3.3071694,3.4358382
mixed_pop_1vs4.tif,mixed_pop_1vs4,population_1,197,940.281603773585,81.14575471698113,105.25176504277279,57.24502209945391,47.16453182732297,1.2137303155904793,274.0021185240863,91.57368446394858,79.58383044417508,1.1506569104911821,168.75035348131354,5.8844337,7.849429,9.075022
mixed_pop_1vs4.tif,mixed_pop_1vs4,population_1,198,936.750695603784,230.13466889259877,89.21576499144467,57.68677125155001,39.70265385522407,1.4529701581638628,218.1988242278238,86.79086918923898,66.20776824866816,1.3108864939120624,128.98305923637912,0.99387866,1.6534698,2.1096997
mixed_pop_1vs4.tif,mixed_pop_1vs4,population_1,199,977.5003599712023,15.118070554355652,68.95976492660915,49.89693873680802,36.409385691822926,1.370441653675421,184.63741235569435,104.35525647554675,46.46613434738294,2.2458346910328735,115.6776474290852,0.52411807,0.742135,0.872103
mixed_pop_1vs4.tif,mixed_pop_1vs4,population_1,203,955.90770962296,704.7957231288689,88.22282381179588,52.62556092721548,43.01163509468827,1.2235191898973978,230.56094191445135,107.59295148609063,60.596291004443785,1.7755699185978293,142.33811810265547,1.5008441,5.303187,7.659923
mixed_pop_1vs4.tif,mixed_pop_1vs4,population_1,205,983.2741935483871,196.37237026647966,70.79670610895944,48.43483054104515,38.88859913056414,1.2454763510105007,183.1976476452036,76.58390461291636,64.97339086717993,1.178696441585924,112.40094153624416,19.880085,23.1645,25.233215
mixed_pop_1vs4.tif,mixed_pop_1vs4,population_1,206,975.1924242424243,547.6833333333333,98.30117678523119,59.0330146092259,42.75806079352487,1.3806289039695097,218.44705952273597,139.99676159464272,45.11994449183918,3.102768923396257,120.14588273750479,0.7429293,3.659091,6.045041
mixed_pop_1vs4.tif,mixed_pop_1vs4,population_1,207,990.4222520107238,272.20911528150134,37.03670600090024,45.510897913672764,22.199542714338502,2.0500826750939174,154.25341225844107,79.09354097475483,54.94321393456298,1.439550679888416,117.21670625754084,1.1179625,2.1721919,2.5052943
mixed_pop_1vs4.tif,mixed_pop_1vs4,population_1,209,985.6138268156425,656.5328212290502,71.09458846285408,56.08152917749559,34.24493768386275,1.6376589642305845,176.49529468257418,112.82935097177284,44.50779381378576,2.5350470401618805,105.4007062197201,3.9699721,6.6483827,8.455016
mixed_pop_1vs4.tif,mixed_pop_1vs4,population_1,211,979.8616125150421,492.0156438026474,82.51341202881528,51.75365640335522,41.075635127527995,1.2599599797465104,147.65035341377654,79.88415413534368,50.30456828480881,1.5880099334729296,65.13694138496128,0.5379061,1.1237391,1.8658537
mixed_pop_1vs4.tif,mixed_pop_1vs4,population_1,214,987.023198011599,84.68516984258493,59.92400019180508,53.42340174452666,29.90325738377544,1.7865412138515888,110.76258858982364,87.06410787568001,34.54652467173069,2.5201987378754858,50.83858839801856,1.2477217,2.3012102,3.5429688
